config,n_samples,faithfulness_mean_all,faithfulness_mean_answerable,faithfulness_std_answerable,abstention_precision,abstention_recall,abstention_f1,abstention_correct_mean,em_mean,f1_token_mean,tp,fp,fn,tn
config1,100,0.6325,0.7777777777777778,0.41573970964154905,0.4,0.07272727272727272,0.12307692307692307,0.43,0.0,0.10901740657003815,4,6,51,39
config2,100,0.42,0.5388888888888889,0.4012326685615064,0.5769230769230769,0.2727272727272727,0.37037037037037035,0.49,0.0,0.04163109723909308,15,11,40,34
config3,100,0.31,0.3333333333333333,0.4594682917363408,0.6056338028169014,0.7818181818181819,0.6825396825396824,0.6,0.04,0.05911061161061161,43,28,12,17
config4,100,0.2891666666666666,0.30925925925925923,0.40696946158302794,0.6,0.4909090909090909,0.54,0.54,0.0,0.021923470443230987,27,18,28,27
