config,n_samples,faithfulness_mean_all,faithfulness_mean_answerable,faithfulness_std_answerable,abstention_precision,abstention_recall,abstention_f1,abstention_correct_mean,em_mean,f1_token_mean,tp,fp,fn,tn
config1,100,0.7241666666666666,0.8796296296296295,0.2531014750114058,0.8181818181818182,0.16363636363636364,0.2727272727272727,0.52,0.0,0.08608397145124509,9,2,46,43
config2,100,0.72,0.8888888888888888,0.3142696805273545,0.6829268292682927,0.509090909090909,0.5833333333333334,0.6,0.06,0.1671724094320002,28,13,27,32
config3,100,0.7133333333333334,0.7888888888888889,0.40123266856150636,0.6111111111111112,0.4,0.4835164835164836,0.53,0.04,0.13703052503052504,22,14,33,31
config4,100,0.72,0.8666666666666667,0.33993463423951903,0.6862745098039216,0.6363636363636364,0.660377358490566,0.64,0.06,0.16141821917780994,35,16,20,29
