config,n_samples,faithfulness_mean_all,faithfulness_mean_answerable,faithfulness_std_answerable,abstention_precision,abstention_recall,abstention_f1,abstention_correct_mean,em_mean,f1_token_mean,tp,fp,fn,tn
config1,100,0.7600000000000001,0.7759259259259259,0.3238570702029507,0.5909090909090909,0.23636363636363636,0.33766233766233766,0.49,0.0,0.078739329430031,13,9,42,36
config2,100,0.575,0.6444444444444445,0.47868131618973375,0.475,0.34545454545454546,0.4,0.43,0.11,0.16011656764288346,19,21,36,24
config3,100,0.6258333333333334,0.6259259259259259,0.44466044134066884,0.52,0.4727272727272727,0.49523809523809526,0.47,0.08,0.15143608116021912,26,24,29,21
config4,100,0.6735,0.6777777777777778,0.4491418429201719,0.5423728813559322,0.5818181818181818,0.5614035087719298,0.5,0.1,0.14848613286027473,32,27,23,18
